{"base_lr": 0.0009999379840406875, "lr": 0.0009999379840406875, "data_time": 0.00684511661529541, "loss": 1.2324732482433318, "decode.loss_ce": 0.5123490303754806, "decode.acc_seg": 73.95549011230469, "aux_0.loss_ce": 0.23598764687776566, "aux_0.acc_seg": 76.63384246826172, "aux_1.loss_ce": 0.23468150794506074, "aux_1.acc_seg": 75.75275421142578, "aux_2.loss_ce": 0.24945506304502488, "aux_2.acc_seg": 74.48462677001953, "time": 0.8368378162384034, "iter": 50, "memory": 27830, "step": 50}
{"base_lr": 0.0009998747019600675, "lr": 0.0009998747019600675, "data_time": 0.007255363464355469, "loss": 0.6798453718423844, "decode.loss_ce": 0.3086928591132164, "decode.acc_seg": 81.26026153564453, "aux_0.loss_ce": 0.12550436854362487, "aux_0.acc_seg": 85.71011352539062, "aux_1.loss_ce": 0.12188548892736435, "aux_1.acc_seg": 87.05040740966797, "aux_2.loss_ce": 0.12376264706254006, "aux_2.acc_seg": 85.83944702148438, "time": 0.8432281494140625, "iter": 100, "memory": 24062, "step": 100}
{"base_lr": 0.0009998114193849775, "lr": 0.0009998114193849775, "data_time": 0.0068195581436157225, "loss": 2.091219186782837, "decode.loss_ce": 0.9795812219381332, "decode.acc_seg": 68.27361297607422, "aux_0.loss_ce": 0.3801164373755455, "aux_0.acc_seg": 67.39778137207031, "aux_1.loss_ce": 0.3599586233496666, "aux_1.acc_seg": 73.32648468017578, "aux_2.loss_ce": 0.37156290709972384, "aux_2.acc_seg": 72.00311279296875, "time": 0.844944167137146, "iter": 150, "memory": 24062, "step": 150}
{"base_lr": 0.000999748136315374, "lr": 0.000999748136315374, "data_time": 0.00671999454498291, "loss": 2.3686856269836425, "decode.loss_ce": 1.0984993994235992, "decode.acc_seg": 73.07067108154297, "aux_0.loss_ce": 0.41069185733795166, "aux_0.acc_seg": 72.9909439086914, "aux_1.loss_ce": 0.42430509626865387, "aux_1.acc_seg": 72.80386352539062, "aux_2.loss_ce": 0.43518929183483124, "aux_2.acc_seg": 72.53333282470703, "time": 0.8446572065353394, "iter": 200, "memory": 24062, "step": 200}
{"base_lr": 0.0009996848527512154, "lr": 0.0009996848527512154, "data_time": 0.00680696964263916, "loss": 3.6020370364189147, "decode.loss_ce": 1.5916534125804902, "decode.acc_seg": 76.57247161865234, "aux_0.loss_ce": 0.656147900223732, "aux_0.acc_seg": 76.5840835571289, "aux_1.loss_ce": 0.6763289004564286, "aux_1.acc_seg": 76.39817810058594, "aux_2.loss_ce": 0.6779067754745484, "aux_2.acc_seg": 76.47281646728516, "time": 0.8454089879989624, "iter": 250, "memory": 24062, "step": 250}
{"base_lr": 0.0009996215686924582, "lr": 0.0009996215686924582, "data_time": 0.006786441802978516, "loss": 1.5798503518104554, "decode.loss_ce": 0.7353762328624726, "decode.acc_seg": 77.80415344238281, "aux_0.loss_ce": 0.2785513922572136, "aux_0.acc_seg": 69.48040008544922, "aux_1.loss_ce": 0.2790433645248413, "aux_1.acc_seg": 69.95720672607422, "aux_2.loss_ce": 0.2868793696165085, "aux_2.acc_seg": 70.81617736816406, "time": 0.8465136528015137, "iter": 300, "memory": 24062, "step": 300}
{"base_lr": 0.0009995582841390617, "lr": 0.0009995582841390617, "data_time": 0.006813740730285645, "loss": 1.3021052122116088, "decode.loss_ce": 0.618906044960022, "decode.acc_seg": 91.34902954101562, "aux_0.loss_ce": 0.2388916090130806, "aux_0.acc_seg": 86.45388793945312, "aux_1.loss_ce": 0.23213383853435515, "aux_1.acc_seg": 90.3111343383789, "aux_2.loss_ce": 0.21217370852828027, "aux_2.acc_seg": 92.73175048828125, "time": 0.844673490524292, "iter": 350, "memory": 24062, "step": 350}
{"base_lr": 0.0009994949990909804, "lr": 0.0009994949990909804, "data_time": 0.006799030303955078, "loss": 1.1159221559762955, "decode.loss_ce": 0.5552356153726578, "decode.acc_seg": 93.71825408935547, "aux_0.loss_ce": 0.1933228224515915, "aux_0.acc_seg": 93.6955337524414, "aux_1.loss_ce": 0.19010707177221775, "aux_1.acc_seg": 92.45207214355469, "aux_2.loss_ce": 0.17725663296878338, "aux_2.acc_seg": 89.64726257324219, "time": 0.8447229385375976, "iter": 400, "memory": 24062, "step": 400}
{"base_lr": 0.0009994317135481742, "lr": 0.0009994317135481742, "data_time": 0.0069551229476928714, "loss": 0.544723504781723, "decode.loss_ce": 0.25796436369419096, "decode.acc_seg": 84.10816192626953, "aux_0.loss_ce": 0.09358806386590005, "aux_0.acc_seg": 85.13736724853516, "aux_1.loss_ce": 0.09524567443877459, "aux_1.acc_seg": 85.72616577148438, "aux_2.loss_ce": 0.09792540706694126, "aux_2.acc_seg": 85.15310668945312, "time": 0.8456597566604614, "iter": 450, "memory": 24062, "step": 450}
{"base_lr": 0.0009993684275106003, "lr": 0.0009993684275106003, "data_time": 0.006761956214904785, "loss": 2.2922183215618133, "decode.loss_ce": 1.0585384875535966, "decode.acc_seg": 89.5277099609375, "aux_0.loss_ce": 0.40678063631057737, "aux_0.acc_seg": 89.45368194580078, "aux_1.loss_ce": 0.40781260579824447, "aux_1.acc_seg": 89.4942398071289, "aux_2.loss_ce": 0.4190866477787495, "aux_2.acc_seg": 89.17029571533203, "time": 0.843756890296936, "iter": 500, "memory": 24062, "step": 500}
{"base_lr": 0.0009993051409782161, "lr": 0.0009993051409782161, "data_time": 0.006718277931213379, "loss": 0.8917289316654206, "decode.loss_ce": 0.48907387256622314, "decode.acc_seg": 80.30489349365234, "aux_0.loss_ce": 0.13494536317884923, "aux_0.acc_seg": 82.76913452148438, "aux_1.loss_ce": 0.13564899042248726, "aux_1.acc_seg": 84.51654815673828, "aux_2.loss_ce": 0.13206069879233837, "aux_2.acc_seg": 84.83507537841797, "time": 0.8428577423095703, "iter": 550, "memory": 24061, "step": 550}
{"base_lr": 0.000999241853950979, "lr": 0.000999241853950979, "data_time": 0.006810569763183593, "loss": 1.6228968977928162, "decode.loss_ce": 0.7409843385219574, "decode.acc_seg": 66.91036987304688, "aux_0.loss_ce": 0.3003066286444664, "aux_0.acc_seg": 66.99697875976562, "aux_1.loss_ce": 0.30343385636806486, "aux_1.acc_seg": 65.17676544189453, "aux_2.loss_ce": 0.2781721010804176, "aux_2.acc_seg": 71.64958190917969, "time": 0.8435514211654663, "iter": 600, "memory": 24062, "step": 600}
{"base_lr": 0.0009991785664288453, "lr": 0.0009991785664288453, "data_time": 0.006724953651428223, "loss": 2.7173717975616456, "decode.loss_ce": 1.45159410238266, "decode.acc_seg": 51.74837112426758, "aux_0.loss_ce": 0.40014631748199464, "aux_0.acc_seg": 72.71251678466797, "aux_1.loss_ce": 0.41487303376197815, "aux_1.acc_seg": 69.27995300292969, "aux_2.loss_ce": 0.4507583320140839, "aux_2.acc_seg": 67.37471008300781, "time": 0.8459564685821533, "iter": 650, "memory": 24062, "step": 650}
{"base_lr": 0.0009991152784117737, "lr": 0.0009991152784117737, "data_time": 0.006886005401611328, "loss": 4.370693206787109, "decode.loss_ce": 2.0063013672828673, "decode.acc_seg": 84.14655303955078, "aux_0.loss_ce": 0.7665978133678436, "aux_0.acc_seg": 74.13416290283203, "aux_1.loss_ce": 0.8047912657260895, "aux_1.acc_seg": 83.43377685546875, "aux_2.loss_ce": 0.7930027067661285, "aux_2.acc_seg": 81.24667358398438, "time": 0.8427830457687377, "iter": 700, "memory": 24060, "step": 700}
{"base_lr": 0.0009990519898997203, "lr": 0.0009990519898997203, "data_time": 0.006735897064208985, "loss": 2.8114486813545225, "decode.loss_ce": 1.2786141395568849, "decode.acc_seg": 72.65829467773438, "aux_0.loss_ce": 0.5131877064704895, "aux_0.acc_seg": 72.65829467773438, "aux_1.loss_ce": 0.5089037448167801, "aux_1.acc_seg": 72.65829467773438, "aux_2.loss_ce": 0.5107430964708328, "aux_2.acc_seg": 72.65829467773438, "time": 0.8426475763320923, "iter": 750, "memory": 24062, "step": 750}
{"base_lr": 0.0009989887008926438, "lr": 0.0009989887008926438, "data_time": 0.006819581985473633, "loss": 2.764573848247528, "decode.loss_ce": 1.2746913194656373, "decode.acc_seg": 60.52217483520508, "aux_0.loss_ce": 0.5044434547424317, "aux_0.acc_seg": 60.52217483520508, "aux_1.loss_ce": 0.48840811997652056, "aux_1.acc_seg": 60.52217483520508, "aux_2.loss_ce": 0.4970309749245644, "aux_2.acc_seg": 60.52217483520508, "time": 0.8412618637084961, "iter": 800, "memory": 24062, "step": 800}
{"base_lr": 0.0009989254113905014, "lr": 0.0009989254113905014, "data_time": 0.006675243377685547,