{"base_lr": 0.0009990076643874577, "lr": 0.0009990076643874577, "data_time": 0.006717014312744141, "loss": 1.1432504057884216, "decode.loss_ce": 0.49221391379833224, "decode.acc_seg": 73.79822540283203, "aux_0.loss_ce": 0.22748580127954482, "aux_0.acc_seg": 76.08528900146484, "aux_1.loss_ce": 0.20735809803009034, "aux_1.acc_seg": 77.68695831298828, "aux_2.loss_ce": 0.2161926120519638, "aux_2.acc_seg": 78.8297348022461, "time": 0.8231849431991577, "iter": 50, "memory": 27542, "step": 50}
{"base_lr": 0.0009979949515543244, "lr": 0.0009979949515543244, "data_time": 0.007230830192565918, "loss": 0.5788288891315461, "decode.loss_ce": 0.2653477653861046, "decode.acc_seg": 83.7708740234375, "aux_0.loss_ce": 0.10566584318876267, "aux_0.acc_seg": 83.63365936279297, "aux_1.loss_ce": 0.10392805859446526, "aux_1.acc_seg": 82.83028411865234, "aux_2.loss_ce": 0.10388722345232963, "aux_2.acc_seg": 83.00255584716797, "time": 0.8292374610900879, "iter": 100, "memory": 23572, "step": 100}
{"base_lr": 0.0009969821118068335, "lr": 0.0009969821118068335, "data_time": 0.0066847562789916996, "loss": 1.3999985933303833, "decode.loss_ce": 0.6318903535604476, "decode.acc_seg": 69.22333526611328, "aux_0.loss_ce": 0.25542027652263644, "aux_0.acc_seg": 67.54470825195312, "aux_1.loss_ce": 0.25593224763870237, "aux_1.acc_seg": 67.07936096191406, "aux_2.loss_ce": 0.25675569772720336, "aux_2.acc_seg": 66.26905059814453, "time": 0.8259083509445191, "iter": 150, "memory": 23572, "step": 150}
{"base_lr": 0.0009959691449698113, "lr": 0.0009959691449698113, "data_time": 0.006581449508666992, "loss": 0.7355615973472596, "decode.loss_ce": 0.3478322133421898, "decode.acc_seg": 94.4932632446289, "aux_0.loss_ce": 0.1436553280800581, "aux_0.acc_seg": 94.4932632446289, "aux_1.loss_ce": 0.12067332305014133, "aux_1.acc_seg": 95.04173278808594, "aux_2.loss_ce": 0.12340071946382522, "aux_2.acc_seg": 95.05288696289062, "time": 0.8253992080688477, "iter": 200, "memory": 23572, "step": 200}
{"base_lr": 0.0009949560508676206, "lr": 0.0009949560508676206, "data_time": 0.006516551971435547, "loss": 0.8373959630727768, "decode.loss_ce": 0.3772343784570694, "decode.acc_seg": 78.50682830810547, "aux_0.loss_ce": 0.16023589819669723, "aux_0.acc_seg": 79.43848419189453, "aux_1.loss_ce": 0.15113440081477164, "aux_1.acc_seg": 74.71128845214844, "aux_2.loss_ce": 0.14879129603505134, "aux_2.acc_seg": 75.59334564208984, "time": 0.82791166305542, "iter": 250, "memory": 23572, "step": 250}
{"base_lr": 0.0009939428293241574, "lr": 0.0009939428293241574, "data_time": 0.006636905670166016, "loss": 2.184298646450043, "decode.loss_ce": 0.9438957929611206, "decode.acc_seg": 63.70916748046875, "aux_0.loss_ce": 0.42712604254484177, "aux_0.acc_seg": 63.637794494628906, "aux_1.loss_ce": 0.40562075227499006, "aux_1.acc_seg": 63.67547607421875, "aux_2.loss_ce": 0.4076560720801353, "aux_2.acc_seg": 63.70916748046875, "time": 0.8268282651901245, "iter": 300, "memory": 23572, "step": 300}
{"base_lr": 0.0009929294801628583, "lr": 0.0009929294801628583, "data_time": 0.0065756082534790036, "loss": 1.5318148732185364, "decode.loss_ce": 0.6687973320484162, "decode.acc_seg": 87.19798278808594, "aux_0.loss_ce": 0.30486342012882234, "aux_0.acc_seg": 89.65581512451172, "aux_1.loss_ce": 0.2835334107279778, "aux_1.acc_seg": 86.21028900146484, "aux_2.loss_ce": 0.2746206924319267, "aux_2.acc_seg": 93.40740966796875, "time": 0.8259616136550904, "iter": 350, "memory": 23572, "step": 350}
{"base_lr": 0.0009919160032066854, "lr": 0.0009919160032066854, "data_time": 0.006623172760009765, "loss": 1.4690834999084472, "decode.loss_ce": 0.6637618839740753, "decode.acc_seg": 79.28305053710938, "aux_0.loss_ce": 0.2787875786423683, "aux_0.acc_seg": 75.33343505859375, "aux_1.loss_ce": 0.26458530873060226, "aux_1.acc_seg": 78.13862609863281, "aux_2.loss_ce": 0.2619487628340721, "aux_2.acc_seg": 76.52464294433594, "time": 0.8262310743331909, "iter": 400, "memory": 23572, "step": 400}
{"base_lr": 0.0009909023982781367, "lr": 0.0009909023982781367, "data_time": 0.006549859046936035, "loss": 0.6200189411640167, "decode.loss_ce": 0.30415150970220567, "decode.acc_seg": 90.69800567626953, "aux_0.loss_ce": 0.10883398056030273, "aux_0.acc_seg": 88.32242584228516, "aux_1.loss_ce": 0.10332869924604893, "aux_1.acc_seg": 89.99459838867188, "aux_2.loss_ce": 0.1037047628313303, "aux_2.acc_seg": 89.3055419921875, "time": 0.8274693727493286, "iter": 450, "memory": 23573, "step": 450}
{"base_lr": 0.000989888665199235, "lr": 0.000989888665199235, "data_time": 0.006543850898742676, "loss": 1.1516353249549867, "decode.loss_ce": 0.5567676097154617, "decode.acc_seg": 84.3794174194336, "aux_0.loss_ce": 0.22069509327411652, "aux_0.acc_seg": 83.44864654541016, "aux_1.loss_ce": 0.18696269989013672, "aux_1.acc_seg": 79.68780517578125, "aux_2.loss_ce": 0.18720992654561996, "aux_2.acc_seg": 81.2887191772461, "time": 0.8259833097457886, "iter": 500, "memory": 23572, "step": 500}
{"base_lr": 0.0009888748037915327, "lr": 0.0009888748037915327, "data_time": 0.006482481956481934, "loss": 0.8586751103401185, "decode.loss_ce": 0.4364542067050934, "decode.acc_seg": 80.41532135009766, "aux_0.loss_ce": 0.15016128458082675, "aux_0.acc_seg": 81.2428970336914, "aux_1.loss_ce": 0.13260151967406272, "aux_1.acc_seg": 85.3994369506836, "aux_2.loss_ce": 0.13945807777345182, "aux_2.acc_seg": 81.78387451171875, "time": 0.8254732370376587, "iter": 550, "memory": 23572, "step": 550}
{"base_lr": 0.0009878608138761057, "lr": 0.0009878608138761057, "data_time": 0.006748485565185547, "loss": 0.766787052154541, "decode.loss_ce": 0.3246378406882286, "decode.acc_seg": 87.33253479003906, "aux_0.loss_ce": 0.16466914638876914, "aux_0.acc_seg": 88.94805908203125, "aux_1.loss_ce": 0.14108923450112343, "aux_1.acc_seg": 89.02587890625, "aux_2.loss_ce": 0.13639083057641982, "aux_2.acc_seg": 88.41256713867188, "time": 0.8264591455459595, "iter": 600, "memory": 23572, "step": 600}
{"base_lr": 0.0009868466952735538, "lr": 0.0009868466952735538, "data_time": 0.006669378280639649, "loss": 1.6180921912193298, "decode.loss_ce": 0.8343432426452637, "decode.acc_seg": 70.44412994384766, "aux_0.loss_ce": 0.2786373756825924, "aux_0.acc_seg": 71.41079711914062, "aux_1.loss_ce": 0.2570903435349464, "aux_1.acc_seg": 73.7073745727539, "aux_2.loss_ce": 0.24802124351263047, "aux_2.acc_seg": 74.14210510253906, "time": 0.8275481462478638, "iter": 650, "memory": 23572, "step": 650}
{"base_lr": 0.0009858324478039984, "lr": 0.0009858324478039984, "data_time": 0.0066032886505126955, "loss": 1.5675310134887694, "decode.loss_ce": 0.6967494785785675, "decode.acc_seg": 85.62078857421875, "aux_0.loss_ce": 0.3183164343237877, "aux_0.acc_seg": 70.51258087158203, "aux_1.loss_ce": 0.279162385314703, "aux_1.acc_seg": 81.24675750732422, "aux_2.loss_ce": 0.27330273017287254, "aux_2.acc_seg": 83.8065185546875, "time": 0.8265827178955079, "iter": 700, "memory": 23572, "step": 700}
{"base_lr": 0.0009848180712870788, "lr": 0.0009848180712870788, "data_time": 0.006609392166137695, "loss": 1.5251350939273833, "decode.loss_ce": 0.7404736816883087, "decode.acc_seg": 73.13156127929688, "aux_0.loss_ce": 0.28202674239873887, "aux_0.acc_seg": 85.56489562988281, "aux_1.loss_ce": 0.2557330772280693, "aux_1.acc_seg": 89.2526626586914, "aux_2.loss_ce": 0.24690157622098924, "aux_2.acc_seg": 87.67261505126953, "time": 0.8255973815917969, "iter": 750, "memory": 23572, "step": 750}
{"base_lr": 0.0009838035655419543, "lr": 0.0009838035655419543, "data_time": 0.0066462278366088865, "loss": 0.6629066944122315, "decode.loss_ce": 0.31909924149513247, "decode.acc_seg": 89.05813598632812, "aux_0.loss_ce": 0.11969041302800179, "aux_0.acc_seg": 92.0814208984375, "aux_1.loss_ce": 0.11122533679008484, "aux_1.acc_seg": 93.39283752441406, "aux_2.loss_ce": 0.112891685962677, "aux_2.acc_seg": 92.6668930053711, "time": 0.8267982482910157, "iter": 800, "memory": 23572, "step": 800}
{"base_lr": 0.0009827889303872966, "lr": 0.0009827889303872966, "data_time": 0.00657193660736084,