{"base_lr": 0.000999751932150666, "lr": 0.000999751932150666, "data_time": 0.008420920372009278, "loss": 1.2522176146507262, "decode.loss_ce": 0.5308530271053314, "decode.acc_seg": 74.27288818359375, "aux_0.loss_ce": 0.25713293850421903, "aux_0.acc_seg": 76.29497528076172, "aux_1.loss_ce": 0.22508148550987245, "aux_1.acc_seg": 76.07632446289062, "aux_2.loss_ce": 0.23915016800165176, "aux_2.acc_seg": 76.86885833740234, "time": 0.8466850042343139, "iter": 50, "memory": 27830, "step": 50}
{"base_lr": 0.000999498793858351, "lr": 0.000999498793858351, "data_time": 0.006938672065734864, "loss": 0.5744210243225097, "decode.loss_ce": 0.261587293446064, "decode.acc_seg": 87.53563690185547, "aux_0.loss_ce": 0.10232963189482688, "aux_0.acc_seg": 90.5298843383789, "aux_1.loss_ce": 0.10740970969200134, "aux_1.acc_seg": 87.9627456665039, "aux_2.loss_ce": 0.1030943937599659, "aux_2.acc_seg": 88.39959716796875, "time": 0.8514099836349487, "iter": 100, "memory": 24060, "step": 100}
{"base_lr": 0.0009992456476503946, "lr": 0.0009992456476503946, "data_time": 0.006698441505432129, "loss": 2.094674265384674, "decode.loss_ce": 1.0041345745325088, "decode.acc_seg": 66.82862854003906, "aux_0.loss_ce": 0.36425109654664994, "aux_0.acc_seg": 69.04354095458984, "aux_1.loss_ce": 0.36331758052110674, "aux_1.acc_seg": 69.54278564453125, "aux_2.loss_ce": 0.3629709959030151, "aux_2.acc_seg": 66.62225341796875, "time": 0.8541008710861206, "iter": 150, "memory": 24061, "step": 150}
{"base_lr": 0.0009989924935240714, "lr": 0.0009989924935240714, "data_time": 0.006846046447753907, "loss": 2.1385931849479674, "decode.loss_ce": 0.9372139275074005, "decode.acc_seg": 79.59481048583984, "aux_0.loss_ce": 0.3983469620347023, "aux_0.acc_seg": 79.60971069335938, "aux_1.loss_ce": 0.4042873680591583, "aux_1.acc_seg": 79.62786865234375, "aux_2.loss_ce": 0.3987449511885643, "aux_2.acc_seg": 79.62808990478516, "time": 0.8565436601638794, "iter": 200, "memory": 24059, "step": 200}
{"base_lr": 0.0009987393314766584, "lr": 0.0009987393314766584, "data_time": 0.006775403022766113, "loss": 3.573555254936218, "decode.loss_ce": 1.5678894639015197, "decode.acc_seg": 70.6408920288086, "aux_0.loss_ce": 0.6761432886123657, "aux_0.acc_seg": 70.41331481933594, "aux_1.loss_ce": 0.6604481279850006, "aux_1.acc_seg": 70.37409210205078, "aux_2.loss_ce": 0.6690743446350098, "aux_2.acc_seg": 70.30066680908203, "time": 0.8596406221389771, "iter": 250, "memory": 24059, "step": 250}
{"base_lr": 0.0009984861615054243, "lr": 0.0009984861615054243, "data_time": 0.006610393524169922, "loss": 1.4057254791259766, "decode.loss_ce": 0.6103111922740936, "decode.acc_seg": 81.33316040039062, "aux_0.loss_ce": 0.2647106498479843, "aux_0.acc_seg": 78.49874877929688, "aux_1.loss_ce": 0.25757730156183245, "aux_1.acc_seg": 80.2032470703125, "aux_2.loss_ce": 0.27312631756067274, "aux_2.acc_seg": 78.05538177490234, "time": 0.8613519191741943, "iter": 300, "memory": 24059, "step": 300}
{"base_lr": 0.0009982329836076425, "lr": 0.0009982329836076425, "data_time": 0.006659555435180664, "loss": 1.165248054265976, "decode.loss_ce": 0.5118455499410629, "decode.acc_seg": 90.53514099121094, "aux_0.loss_ce": 0.2250473380088806, "aux_0.acc_seg": 70.59494018554688, "aux_1.loss_ce": 0.21391425281763077, "aux_1.acc_seg": 77.67745971679688, "aux_2.loss_ce": 0.2144409015774727, "aux_2.acc_seg": 75.1944808959961, "time": 0.8598236799240112, "iter": 350, "memory": 24060, "step": 350}
{"base_lr": 0.0009979797977805835, "lr": 0.0009979797977805835, "data_time": 0.006715917587280273, "loss": 1.2611113786697388, "decode.loss_ce": 0.6131900638341904, "decode.acc_seg": 92.1691665649414, "aux_0.loss_ce": 0.20978190302848815, "aux_0.acc_seg": 95.76227569580078, "aux_1.loss_ce": 0.21861499771475792, "aux_1.acc_seg": 95.63155364990234, "aux_2.loss_ce": 0.2195243887603283, "aux_2.acc_seg": 95.86894989013672, "time": 0.8604991912841797, "iter": 400, "memory": 24059, "step": 400}
{"base_lr": 0.0009977266040215116, "lr": 0.0009977266040215116, "data_time": 0.006948351860046387, "loss": 0.4748368725180626, "decode.loss_ce": 0.2272998124361038, "decode.acc_seg": 86.46058654785156, "aux_0.loss_ce": 0.08371179662644863, "aux_0.acc_seg": 87.7921142578125, "aux_1.loss_ce": 0.08164562620222568, "aux_1.acc_seg": 87.78762817382812, "aux_2.loss_ce": 0.0821796353906393, "aux_2.acc_seg": 87.13655090332031, "time": 0.8616405725479126, "iter": 450, "memory": 24060, "step": 450}
{"base_lr": 0.0009974734023276948, "lr": 0.0009974734023276948, "data_time": 0.006917738914489746, "loss": 1.8925783276557921, "decode.loss_ce": 0.863519224524498, "decode.acc_seg": 83.79774475097656, "aux_0.loss_ce": 0.3417908504605293, "aux_0.acc_seg": 83.77999877929688, "aux_1.loss_ce": 0.3447693005204201, "aux_1.acc_seg": 83.6282730102539, "aux_2.loss_ce": 0.3424989223480225, "aux_2.acc_seg": 83.69674682617188, "time": 0.8593096017837525, "iter": 500, "memory": 24060, "step": 500}
{"base_lr": 0.0009972201926963962, "lr": 0.0009972201926963962, "data_time": 0.007144260406494141, "loss": 0.728183564543724, "decode.loss_ce": 0.29875645637512205, "decode.acc_seg": 89.68209838867188, "aux_0.loss_ce": 0.15755210891366006, "aux_0.acc_seg": 89.02244567871094, "aux_1.loss_ce": 0.1409115381538868, "aux_1.acc_seg": 89.31608581542969, "aux_2.loss_ce": 0.1309634454548359, "aux_2.acc_seg": 89.41278076171875, "time": 0.860825490951538, "iter": 550, "memory": 24060, "step": 550}
{"base_lr": 0.0009969669751248777, "lr": 0.0009969669751248777, "data_time": 0.006798219680786133, "loss": 1.621583068370819, "decode.loss_ce": 0.879360431432724, "decode.acc_seg": 43.55881118774414, "aux_0.loss_ce": 0.2385517179965973, "aux_0.acc_seg": 78.90379333496094, "aux_1.loss_ce": 0.261412088572979, "aux_1.acc_seg": 75.2695083618164, "aux_2.loss_ce": 0.24225883781909943, "aux_2.acc_seg": 74.72640228271484, "time": 0.85938720703125, "iter": 600, "memory": 24060, "step": 600}
{"base_lr": 0.0009967137496104002, "lr": 0.0009967137496104002, "data_time": 0.006723570823669434, "loss": 2.231528651714325, "decode.loss_ce": 0.9775384187698364, "decode.acc_seg": 83.33141326904297, "aux_0.loss_ce": 0.4073957920074463, "aux_0.acc_seg": 68.95742797851562, "aux_1.loss_ce": 0.41948774755001067, "aux_1.acc_seg": 71.84776306152344, "aux_2.loss_ce": 0.4271066874265671, "aux_2.acc_seg": 69.24495697021484, "time": 0.8634598016738891, "iter": 650, "memory": 24060, "step": 650}
{"base_lr": 0.0009964605161502224, "lr": 0.0009964605161502224, "data_time": 0.007331967353820801, "loss": 4.465910816192627, "decode.loss_ce": 2.049477517604828, "decode.acc_seg": 59.63573455810547, "aux_0.loss_ce": 0.8065562307834625, "aux_0.acc_seg": 57.906150817871094, "aux_1.loss_ce": 0.80253766477108, "aux_1.acc_seg": 54.24203872680664, "aux_2.loss_ce": 0.8073393434286118, "aux_2.acc_seg": 59.55648422241211, "time": 0.8609012842178345, "iter": 700, "memory": 24060, "step": 700}
{"base_lr": 0.0009962072747415987, "lr": 0.0009962072747415987, "data_time": 0.006924939155578613, "loss": 2.8200249075889587, "decode.loss_ce": 1.2741471916437148, "decode.acc_seg": 70.1600112915039, "aux_0.loss_ce": 0.5246239244937897, "aux_0.acc_seg": 70.1600112915039, "aux_1.loss_ce": 0.5041899144649505, "aux_1.acc_seg": 70.1600112915039, "aux_2.loss_ce": 0.5170639291405678, "aux_2.acc_seg": 70.1600112915039, "time": 0.8595869541168213, "iter": 750, "memory": 24059, "step": 750}
{"base_lr": 0.000995954025381786, "lr": 0.000995954025381786, "data_time": 0.00698089599609375, "loss": 3.177310216426849, "decode.loss_ce": 1.4789522886276245, "decode.acc_seg": 60.10751724243164, "aux_0.loss_ce": 0.5722262129187584, "aux_0.acc_seg": 60.10751724243164, "aux_1.loss_ce": 0.5512089312076569, "aux_1.acc_seg": 60.10751724243164, "aux_2.loss_ce": 0.5749227002263069, "aux_2.acc_seg": 60.10751724243164, "time": 0.8575018644332886, "iter": 800, "memory": 24061, "step": 800}
{"base_lr": 0.000995700768068036, "lr": 0.000995700768068036, "data_time": 0.006851649284362793, "loss": 2.387200582027435,