{"base_lr": 0.000999751932150666, "lr": 0.000999751932150666, "data_time": 0.006773996353149414, "loss": 0.9273530662059783, "decode.loss_ce": 0.44042453467845916, "decode.acc_seg": 63.14162826538086, "aux_0.loss_ce": 0.15913818702101706, "aux_0.acc_seg": 65.63665771484375, "aux_1.loss_ce": 0.1614332228899002, "aux_1.acc_seg": 65.78302001953125, "aux_2.loss_ce": 0.16635711044073104, "aux_2.acc_seg": 61.71730422973633, "time": 0.8158746480941772, "iter": 50, "memory": 27493, "step": 50}
{"base_lr": 0.000999498793858351, "lr": 0.000999498793858351, "data_time": 0.006694340705871582, "loss": 0.5750876247882843, "decode.loss_ce": 0.2694546490907669, "decode.acc_seg": 91.89823150634766, "aux_0.loss_ce": 0.10157108046114445, "aux_0.acc_seg": 90.27046966552734, "aux_1.loss_ce": 0.100392284989357, "aux_1.acc_seg": 88.36264038085938, "aux_2.loss_ce": 0.10366961061954498, "aux_2.acc_seg": 88.37509155273438, "time": 0.818960428237915, "iter": 100, "memory": 23500, "step": 100}
{"base_lr": 0.0009992456476503946, "lr": 0.0009992456476503946, "data_time": 0.006600880622863769, "loss": 0.6985044091939926, "decode.loss_ce": 0.32533549070358275, "decode.acc_seg": 89.31283569335938, "aux_0.loss_ce": 0.12694213539361954, "aux_0.acc_seg": 89.7268295288086, "aux_1.loss_ce": 0.12230902835726738, "aux_1.acc_seg": 89.8911361694336, "aux_2.loss_ce": 0.12391775473952293, "aux_2.acc_seg": 87.49825286865234, "time": 0.8204031705856323, "iter": 150, "memory": 23500, "step": 150}
{"base_lr": 0.0009989924935240714, "lr": 0.0009989924935240714, "data_time": 0.006604433059692383, "loss": 0.6239362984895707, "decode.loss_ce": 0.2798153296113014, "decode.acc_seg": 90.43690490722656, "aux_0.loss_ce": 0.11288918480277062, "aux_0.acc_seg": 90.61028289794922, "aux_1.loss_ce": 0.11594928428530693, "aux_1.acc_seg": 89.88597869873047, "aux_2.loss_ce": 0.11528249308466912, "aux_2.acc_seg": 89.01514434814453, "time": 0.8211480379104614, "iter": 200, "memory": 23500, "step": 200}
{"base_lr": 0.0009987393314766584, "lr": 0.0009987393314766584, "data_time": 0.0066855430603027345, "loss": 0.9565322041511536, "decode.loss_ce": 0.43849470615386965, "decode.acc_seg": 79.5126724243164, "aux_0.loss_ce": 0.1739541098475456, "aux_0.acc_seg": 79.6846694946289, "aux_1.loss_ce": 0.16973335966467856, "aux_1.acc_seg": 80.43220520019531, "aux_2.loss_ce": 0.174350031465292, "aux_2.acc_seg": 81.08345031738281, "time": 0.8222277164459229, "iter": 250, "memory": 23500, "step": 250}
{"base_lr": 0.0009984861615054243, "lr": 0.0009984861615054243, "data_time": 0.007045459747314453, "loss": 1.0151480793952943, "decode.loss_ce": 0.48082848489284513, "decode.acc_seg": 77.94480895996094, "aux_0.loss_ce": 0.17704088240861893, "aux_0.acc_seg": 76.87434387207031, "aux_1.loss_ce": 0.17561867982149124, "aux_1.acc_seg": 78.69111633300781, "aux_2.loss_ce": 0.1816600278019905, "aux_2.acc_seg": 76.37245178222656, "time": 0.8223089933395386, "iter": 300, "memory": 23500, "step": 300}
{"base_lr": 0.0009982329836076425, "lr": 0.0009982329836076425, "data_time": 0.006652951240539551, "loss": 0.43202078640460967, "decode.loss_ce": 0.19158270508050917, "decode.acc_seg": 95.01795959472656, "aux_0.loss_ce": 0.08328324370086193, "aux_0.acc_seg": 94.5284194946289, "aux_1.loss_ce": 0.07793228849768638, "aux_1.acc_seg": 95.77982330322266, "aux_2.loss_ce": 0.07922255024313926, "aux_2.acc_seg": 95.19671630859375, "time": 0.8222905397415161, "iter": 350, "memory": 23500, "step": 350}
{"base_lr": 0.0009979797977805835, "lr": 0.0009979797977805835, "data_time": 0.00665135383605957, "loss": 0.4289208516478539, "decode.loss_ce": 0.19748363196849822, "decode.acc_seg": 93.79472351074219, "aux_0.loss_ce": 0.07586015649139881, "aux_0.acc_seg": 92.98162841796875, "aux_1.loss_ce": 0.07674150504171848, "aux_1.acc_seg": 92.67253875732422, "aux_2.loss_ce": 0.07883555553853512, "aux_2.acc_seg": 92.97781372070312, "time": 0.8220307350158691, "iter": 400, "memory": 23500, "step": 400}
{"base_lr": 0.0009977266040215116, "lr": 0.0009977266040215116, "data_time": 0.007076740264892578, "loss": 0.36212160587310793, "decode.loss_ce": 0.16896457970142365, "decode.acc_seg": 90.12933349609375, "aux_0.loss_ce": 0.06630343236029149, "aux_0.acc_seg": 90.75743865966797, "aux_1.loss_ce": 0.06307184658944606, "aux_1.acc_seg": 89.38538360595703, "aux_2.loss_ce": 0.06378173530101776, "aux_2.acc_seg": 89.67024230957031, "time": 0.8218836069107056, "iter": 450, "memory": 23500, "step": 450}
{"base_lr": 0.0009974734023276948, "lr": 0.0009974734023276948, "data_time": 0.0067901134490966795, "loss": 0.5266785249114037, "decode.loss_ce": 0.244064287096262, "decode.acc_seg": 95.92567443847656, "aux_0.loss_ce": 0.09115135334432126, "aux_0.acc_seg": 96.1203842163086, "aux_1.loss_ce": 0.09574193917214871, "aux_1.acc_seg": 96.02367401123047, "aux_2.loss_ce": 0.09572094157338143, "aux_2.acc_seg": 95.0201644897461, "time": 0.8222495794296265, "iter": 500, "memory": 23500, "step": 500}
{"base_lr": 0.0009972201926963962, "lr": 0.0009972201926963962, "data_time": 0.006595683097839355, "loss": 0.31075248420238494, "decode.loss_ce": 0.13773201555013656, "decode.acc_seg": 93.39124298095703, "aux_0.loss_ce": 0.058989832922816274, "aux_0.acc_seg": 93.23309326171875, "aux_1.loss_ce": 0.056302471086382866, "aux_1.acc_seg": 93.08269500732422, "aux_2.loss_ce": 0.057728157937526704, "aux_2.acc_seg": 93.0771255493164, "time": 0.8223032236099244, "iter": 550, "memory": 23500, "step": 550}
{"base_lr": 0.0009969669751248777, "lr": 0.0009969669751248777, "data_time": 0.0071503639221191405, "loss": 0.4745751440525055, "decode.loss_ce": 0.20890612453222274, "decode.acc_seg": 76.86244201660156, "aux_0.loss_ce": 0.09112080596387387, "aux_0.acc_seg": 81.76966857910156, "aux_1.loss_ce": 0.08663038425147533, "aux_1.acc_seg": 79.83890533447266, "aux_2.loss_ce": 0.08791782185435296, "aux_2.acc_seg": 79.3426284790039, "time": 0.823192834854126, "iter": 600, "memory": 23500, "step": 600}
