{"base_lr": 0.000999503853600736, "lr": 0.000999503853600736, "data_time": 0.006685447692871094, "loss": 1.067084014415741, "decode.loss_ce": 0.4457625687122345, "decode.acc_seg": 83.42793273925781, "aux_0.loss_ce": 0.21021994352340698, "aux_0.acc_seg": 85.12447357177734, "aux_1.loss_ce": 0.2055643156170845, "aux_1.acc_seg": 82.4448471069336, "aux_2.loss_ce": 0.2055371642112732, "aux_2.acc_seg": 82.04108428955078, "time": 0.828938627243042, "iter": 50, "memory": 27613, "step": 50}
{"base_lr": 0.0009989975504184855, "lr": 0.0009989975504184855, "data_time": 0.0066879987716674805, "loss": 0.67776959836483, "decode.loss_ce": 0.3139645129442215, "decode.acc_seg": 84.8993148803711, "aux_0.loss_ce": 0.12360804229974746, "aux_0.acc_seg": 84.05488586425781, "aux_1.loss_ce": 0.12117460072040558, "aux_1.acc_seg": 84.67459869384766, "aux_2.loss_ce": 0.11902244538068771, "aux_2.acc_seg": 87.38002014160156, "time": 0.8309881448745727, "iter": 100, "memory": 23692, "step": 100}
{"base_lr": 0.0009984912155516885, "lr": 0.0009984912155516885, "data_time": 0.006721591949462891, "loss": 1.6320015430450439, "decode.loss_ce": 0.749581801891327, "decode.acc_seg": 73.638427734375, "aux_0.loss_ce": 0.29660300314426424, "aux_0.acc_seg": 70.3363037109375, "aux_1.loss_ce": 0.2883110776543617, "aux_1.acc_seg": 70.67350006103516, "aux_2.loss_ce": 0.2975056454539299, "aux_2.acc_seg": 69.02690887451172, "time": 0.8308882713317871, "iter": 150, "memory": 23692, "step": 150}
